<?xml version="1.0" encoding="UTF-8"?>
<root>
  <item name="com.android.installreferrer.api.InstallReferrerClient.InstallReferrerResponse">
    <annotation name="androidx.annotation.IntDef">
      <val name="value" val="{com.android.installreferrer.api.InstallReferrerClient.InstallReferrerResponse.SERVICE_DISCONNECTED, com.android.installreferrer.api.InstallReferrerClient.InstallReferrerResponse.OK, com.android.installreferrer.api.InstallReferrerClient.InstallReferrerResponse.SERVICE_UNAVAILABLE, com.android.installreferrer.api.InstallReferrerClient.InstallReferrerResponse.FEATURE_NOT_SUPPORTED, com.android.installreferrer.api.InstallReferrerClient.InstallReferrerResponse.DEVELOPER_ERROR}" />
    </annotation>
  </item>
  <item name="com.android.installreferrer.api.InstallReferrerClientImpl mClientState">
    <annotation name="androidx.annotation.IntDef">
      <val name="value" val="{com.android.installreferrer.api.InstallReferrerClientImpl.ClientState.DISCONNECTED, com.android.installreferrer.api.InstallReferrerClientImpl.ClientState.CONNECTING, com.android.installreferrer.api.InstallReferrerClientImpl.ClientState.CONNECTED, com.android.installreferrer.api.InstallReferrerClientImpl.ClientState.CLOSED}" />
    </annotation>
  </item>
  <item name="com.android.installreferrer.api.InstallReferrerClientImpl.ClientState">
    <annotation name="androidx.annotation.IntDef">
      <val name="value" val="{com.android.installreferrer.api.InstallReferrerClientImpl.ClientState.DISCONNECTED, com.android.installreferrer.api.InstallReferrerClientImpl.ClientState.CONNECTING, com.android.installreferrer.api.InstallReferrerClientImpl.ClientState.CONNECTED, com.android.installreferrer.api.InstallReferrerClientImpl.ClientState.CLOSED}" />
    </annotation>
  </item>
  <item name="com.android.installreferrer.api.InstallReferrerStateListener void onInstallReferrerSetupFinished(int) 0">
    <annotation name="androidx.annotation.IntDef">
      <val name="value" val="{com.android.installreferrer.api.InstallReferrerClient.InstallReferrerResponse.SERVICE_DISCONNECTED, com.android.installreferrer.api.InstallReferrerClient.InstallReferrerResponse.OK, com.android.installreferrer.api.InstallReferrerClient.InstallReferrerResponse.SERVICE_UNAVAILABLE, com.android.installreferrer.api.InstallReferrerClient.InstallReferrerResponse.FEATURE_NOT_SUPPORTED, com.android.installreferrer.api.InstallReferrerClient.InstallReferrerResponse.DEVELOPER_ERROR}" />
    </annotation>
  </item>
</root>

